[
    {
        "code" : "GALR210214",
        "name" : "Chicken Breast",
        "weight" : "30 lbs",     
        "pieceCount" : "15",
        "priceperBag" : "25.50",
        "image" : "chickenBreast.jpg",
        "description" : "<p>Premium Chicken Breast. All white meat. Boneless, and skinless."
    } , {
        "code" : "DAWR210315",
        "name" : "Chicken Fingers",
        "weight" : "10 lbs",
        "pieceCount" : "30",
        "priceperBag" : "15.00",
        "image" : "chickenFingers.jpg",
        "description" : "<p> Fried chicken fingers. White meat. "
    } , {
        "code" : "CLAR210621",
        "name" : "Chicken Nuggets",
        "weight" : "6 lbs",
        "pieceCount" : "57",
        "priceperBag" : "8.00",
        "image" : "chickenNugs.jpg",
        "description" : "<p>Chicken Nuggets. Mixed white and dark meat. Breaded chicken "
    }, {
        "code" : "CFSR210621",
        "name" : "Chicken Fried Steak",
        "weight" : "11 lbs",
        "pieceCount" : "9",
        "priceperBag" : "10.00",
        "image" : "chickenSteak.jpg",
        "description" : "<p>Chicken fried steak. Breaded cube steak. "
    }
]